1;Carolien;Muller;carolien.muller@outlook.com;0725793880;carolien1234
2;Wynand;Scheepers;wynand65@gamil.com;0763089320;wynand1234
3;Cathryn ;Ackerman;cathryn.ackerman@gmail.com;0635598026;cathryn1234
4;Laetitia ;Ackerman;laetitiaackerman6@gmail.com;0605250597;laetitia1234
5;Marno;Haasbroek;marno.haasbroek@gmail.com;0609862951;marno1234
6;Annien;Muller;annien.muller@gmail.com;0725803571;annien1234
7;Paul;Ackerman;paulus.ackerman@gmail.com;0782827184;paul1234
